{"cameraMode":{"drawMode":0,"name":"Shaded","section":"Shading Mode"},"sceneLighting":false,"audioPlay":false,"sceneViewState":{"m_AlwaysRefresh":false,"showFog":true,"showSkybox":false,"showFlares":true,"showImageEffects":true,"showParticleSystems":true,"showVisualEffectGraphs":true,"m_FxEnabled":true},"in2DMode":false,"pivot":{"x":31.166488647460939,"y":7.8484649658203129,"z":38.053348541259769},"rotation":{"x":0.07293148338794708,"y":-0.7374805212020874,"z":0.08060702681541443,"w":0.6666677594184876},"size":26.436189651489259,"orthographic":false}