{"cameraMode":{"drawMode":0,"name":"Shaded","section":"Shading Mode"},"sceneLighting":false,"audioPlay":false,"sceneViewState":{"m_AlwaysRefresh":false,"showFog":true,"showSkybox":false,"showFlares":true,"showImageEffects":true,"showParticleSystems":true,"showVisualEffectGraphs":true,"m_FxEnabled":true},"in2DMode":false,"pivot":{"x":43.147430419921878,"y":7.906364917755127,"z":-139.34913635253907},"rotation":{"x":-0.0014470296446233988,"y":-0.9971556067466736,"z":0.020359868183732034,"w":-0.0734139159321785},"size":22.589628219604493,"orthographic":false}