{"cameraMode":{"drawMode":0,"name":"Shaded","section":"Shading Mode"},"sceneLighting":false,"audioPlay":false,"sceneViewState":{"m_AlwaysRefresh":false,"showFog":true,"showSkybox":false,"showFlares":true,"showImageEffects":true,"showParticleSystems":true,"showVisualEffectGraphs":true,"m_FxEnabled":true},"in2DMode":false,"pivot":{"x":0.1136322021484375,"y":8.565776824951172,"z":3.3115177154541017},"rotation":{"x":-0.03934384509921074,"y":-0.9395046830177307,"z":0.11560173332691193,"w":-0.3202263116836548},"size":22.196252822875978,"orthographic":false}