{"cameraMode":{"drawMode":0,"name":"Shaded","section":"Shading Mode"},"sceneLighting":false,"audioPlay":false,"sceneViewState":{"m_AlwaysRefresh":false,"showFog":true,"showSkybox":false,"showFlares":true,"showImageEffects":true,"showParticleSystems":true,"showVisualEffectGraphs":true,"m_FxEnabled":true},"in2DMode":false,"pivot":{"x":0.06705093383789063,"y":25.065235137939454,"z":-14.66067123413086},"rotation":{"x":-0.03934384509921074,"y":-0.9395046830177307,"z":0.11560173332691193,"w":-0.3202263116836548},"size":29.356477737426759,"orthographic":false}