{"cameraMode":{"drawMode":0,"name":"Shaded","section":"Shading Mode"},"sceneLighting":false,"audioPlay":false,"sceneViewState":{"m_AlwaysRefresh":false,"showFog":true,"showSkybox":false,"showFlares":true,"showImageEffects":true,"showParticleSystems":true,"showVisualEffectGraphs":true,"m_FxEnabled":true},"in2DMode":false,"pivot":{"x":-0.011240363121032715,"y":10.448551177978516,"z":1.6918888092041016},"rotation":{"x":-0.07842625677585602,"y":-0.8956155180931091,"z":0.17495620250701905,"w":-0.4015570282936096},"size":13.914626121520996,"orthographic":false}