{"cameraMode":{"drawMode":0,"name":"Shaded","section":"Shading Mode"},"sceneLighting":false,"audioPlay":false,"sceneViewState":{"m_AlwaysRefresh":false,"showFog":true,"showSkybox":false,"showFlares":true,"showImageEffects":true,"showParticleSystems":true,"showVisualEffectGraphs":true,"m_FxEnabled":true},"in2DMode":false,"pivot":{"x":1.0343296527862549,"y":3.7171244621276857,"z":-5.5223493576049809},"rotation":{"x":-0.03476327657699585,"y":-0.9019919037818909,"z":0.07407335937023163,"w":-0.42408308386802676},"size":0.7554070949554443,"orthographic":false}