{"cameraMode":{"drawMode":0,"name":"Shaded","section":"Shading Mode"},"sceneLighting":false,"audioPlay":false,"sceneViewState":{"m_AlwaysRefresh":false,"showFog":true,"showSkybox":false,"showFlares":true,"showImageEffects":true,"showParticleSystems":true,"showVisualEffectGraphs":true,"m_FxEnabled":true},"in2DMode":false,"pivot":{"x":-18.631542205810548,"y":13.653953552246094,"z":-26.022293090820314},"rotation":{"x":-0.011683261021971703,"y":-0.9829162359237671,"z":0.06735643744468689,"w":-0.17124822735786439},"size":10.731816291809082,"orthographic":false}