{"cameraMode":{"drawMode":0,"name":"Shaded","section":"Shading Mode"},"sceneLighting":false,"audioPlay":false,"sceneViewState":{"m_AlwaysRefresh":false,"showFog":true,"showSkybox":false,"showFlares":true,"showImageEffects":true,"showParticleSystems":true,"showVisualEffectGraphs":true,"m_FxEnabled":true},"in2DMode":false,"pivot":{"x":0.08304166793823242,"y":-0.013265013694763184,"z":0.014877408742904663},"rotation":{"x":-0.03934384509921074,"y":-0.9395046830177307,"z":0.11560173332691193,"w":-0.3202263116836548},"size":2.936002492904663,"orthographic":false}